,score_exp_1,score_exp_2,score_exp_3,score_exp_4,score_exp_5,score_exp_6,score_exp_7
execution_1_case_0_patient_2,0.9638038277626038,0.39716291427612305,0.3945407569408417,0.4018678069114685,0.4295054078102112,0.44905775785446167,0.3892670273780823
mean_1_case_0_patient_2,0.9638038277626038,0.39716291427612305,0.3945407569408417,0.4018678069114685,0.4295054078102112,0.44905775785446167,0.3892670273780823
min_1_case_0_patient_2,0.9638038277626038,0.39716291427612305,0.3945407569408417,0.4018678069114685,0.4295054078102112,0.44905775785446167,0.3892670273780823
max_1_case_0_patient_2,0.9638038277626038,0.39716291427612305,0.3945407569408417,0.4018678069114685,0.4295054078102112,0.44905775785446167,0.3892670273780823
