,score_exp_1,score_exp_2,score_exp_3,score_exp_4,score_exp_5,score_exp_6,score_exp_7
execution_1_case_0_patient_7,1.389892578125,0.7343825697898865,0.6301084160804749,0.7123239636421204,0.8684800267219543,0.6256209015846252,0.6361172795295715
mean_1_case_0_patient_7,1.389892578125,0.7343825697898865,0.6301084160804749,0.7123239636421204,0.8684800267219543,0.6256209015846252,0.6361172795295715
min_1_case_0_patient_7,1.389892578125,0.7343825697898865,0.6301084160804749,0.7123239636421204,0.8684800267219543,0.6256209015846252,0.6361172795295715
max_1_case_0_patient_7,1.389892578125,0.7343825697898865,0.6301084160804749,0.7123239636421204,0.8684800267219543,0.6256209015846252,0.6361172795295715
