,score_exp_1,score_exp_2,score_exp_3,score_exp_4,score_exp_5,score_exp_6,score_exp_7
execution_1_case_0_patient_4,1.049528956413269,1.0183007717132568,0.9614747166633606,0.7967254519462585,0.5541543960571289,0.8515512347221375,0.36336228251457214
mean_1_case_0_patient_4,1.049528956413269,1.0183007717132568,0.9614747166633606,0.7967254519462585,0.5541543960571289,0.8515512347221375,0.36336228251457214
min_1_case_0_patient_4,1.049528956413269,1.0183007717132568,0.9614747166633606,0.7967254519462585,0.5541543960571289,0.8515512347221375,0.36336228251457214
max_1_case_0_patient_4,1.049528956413269,1.0183007717132568,0.9614747166633606,0.7967254519462585,0.5541543960571289,0.8515512347221375,0.36336228251457214
