GLOBAL_MEAN,score_exp_1,score_exp_2,score_exp_3,score_exp_4,score_exp_5,score_exp_6,score_exp_7
mean_10_case_0_patient_1,3.871892714500427,4.0,5.0,6.0,7.0,8.0,9.0
mean_10_case_0_patient_2,3.907602858543396,4.0,5.0,6.0,7.0,8.0,9.0
mean_10_case_0_patient_4,3.893023037910461,4.0,5.0,6.0,7.0,8.0,9.0
mean_10_case_0_patient_6,3.93452570438385,4.0,5.0,6.0,7.0,8.0,9.0
mean_10_case_0_patient_7,4.1102689743042,4.0,5.0,6.0,7.0,8.0,9.0
mean_10_case_0_patient_8,4.054772138595581,4.0,5.0,6.0,7.0,8.0,9.0
mean_mean_relevant_patients_case_0,3.9620142380396524,4.0,5.0,6.0,7.0,8.0,9.0
