GLOBAL_MEAN,score_exp_1,score_exp_2,score_exp_3,score_exp_4,score_exp_5,score_exp_6,score_exp_7
mean_1_case_0_patient_1,0.4340356588363647,0.2722842395305633,0.4470802545547485,0.297408789396286,0.2236932516098022,0.2306440621614456,0.3262734115123749
mean_1_case_0_patient_2,0.9638038277626038,0.397162914276123,0.3945407569408417,0.4018678069114685,0.4295054078102112,0.4490577578544616,0.3892670273780823
mean_1_case_0_patient_4,1.049528956413269,1.0183007717132568,0.9614747166633606,0.7967254519462585,0.5541543960571289,0.8515512347221375,0.3633622825145721
mean_1_case_0_patient_6,0.776907742023468,0.3541607856750488,0.4342478513717651,0.30638387799263,0.3967848122119903,0.3046422004699707,0.4797336161136627
mean_1_case_0_patient_7,1.389892578125,0.7343825697898865,0.6301084160804749,0.7123239636421204,0.8684800267219543,0.6256209015846252,0.6361172795295715
mean_1_case_0_patient_8,0.7662490606307983,0.5132066011428833,0.5580753087997437,0.5321452617645264,0.69416743516922,0.5363557934761047,0.8519701361656189
mean_mean_relevant_patients_case_0,0.8967363039652506,0.5482496470212936,0.5709212174018224,0.507809191942215,0.5277975549300512,0.4996453250447909,0.5077872922023138