GLOBAL_MIN,score_exp_1,score_exp_2,score_exp_3,score_exp_4,score_exp_5,score_exp_6,score_exp_7
min_10_case_0_patient_1,3.6527349948883057,4.0,5.0,6.0,7.0,8.0,9.0
min_10_case_0_patient_2,3.506490707397461,4.0,5.0,6.0,7.0,8.0,9.0
min_10_case_0_patient_4,3.52588438987732,4.0,5.0,6.0,7.0,8.0,9.0
min_10_case_0_patient_6,3.59206485748291,4.0,5.0,6.0,7.0,8.0,9.0
min_10_case_0_patient_7,3.839007377624512,4.0,5.0,6.0,7.0,8.0,9.0
min_10_case_0_patient_8,3.838519811630249,4.0,5.0,6.0,7.0,8.0,9.0
min_min_relevant_patients_case_0,3.506490707397461,4.0,5.0,6.0,7.0,8.0,9.0
