GLOBAL_MAX,score_exp_1,score_exp_2,score_exp_3,score_exp_4,score_exp_5,score_exp_6,score_exp_7
max_10_case_0_patient_1,4.2371673583984375,4.0,5.0,6.0,7.0,8.0,9.0
max_10_case_0_patient_2,4.250517845153809,4.0,5.0,6.0,7.0,8.0,9.0
max_10_case_0_patient_4,4.231383800506592,4.0,5.0,6.0,7.0,8.0,9.0
max_10_case_0_patient_6,4.33588457107544,4.0,5.0,6.0,7.0,8.0,9.0
max_10_case_0_patient_7,4.49795389175415,4.0,5.0,6.0,7.0,8.0,9.0
max_10_case_0_patient_8,4.388762950897217,4.0,5.0,6.0,7.0,8.0,9.0
max_max_relevant_patients_case_0,4.49795389175415,4.0,5.0,6.0,7.0,8.0,9.0
