GLOBAL_MAX,score_exp_1,score_exp_2,score_exp_3,score_exp_4,score_exp_5,score_exp_6,score_exp_7
max_10_case_0_patient_1,0.5859516859054565,0.5706229209899902,0.3584713637828827,0.494045227766037,0.3961938917636871,0.3106448650360107,0.363647848367691
max_10_case_0_patient_2,1.121008038520813,0.654402494430542,0.4726317822933197,0.5259420275688171,0.4452946186065674,0.5480616092681885,0.5052922964096069
max_10_case_0_patient_4,1.398063063621521,1.0953046083450315,1.0399810075759888,0.9634755253791808,0.8437100052833557,0.847520649433136,1.0053658485412598
max_10_case_0_patient_6,1.8422638177871704,0.5280722975730896,0.9339886903762816,0.5647918581962585,0.5223663449287415,0.5346884727478027,0.5764657258987427
max_10_case_0_patient_7,1.8435649871826167,1.0208145380020142,1.2200732231140137,1.265866756439209,0.882225751876831,1.0792495012283323,0.9075987339019777
max_10_case_0_patient_8,0.8168225288391113,0.723946750164032,0.7169997096061707,1.0181173086166382,0.8548688888549805,0.7462224960327148,0.8950323462486267
max_max_case_0_relevant_patients,1.8435649871826167,1.0953046083450315,1.2200732231140137,1.265866756439209,0.882225751876831,1.0792495012283323,1.0053658485412598
