GLOBAL_MIN,score_exp_1,score_exp_2,score_exp_3,score_exp_4,score_exp_5,score_exp_6,score_exp_7
min_10_case_0_patient_1,0.3039865791797638,0.2506745159626007,0.2669695317745209,0.2184436023235321,0.2198480367660522,0.2165284901857376,0.2352014780044555
min_10_case_0_patient_2,0.4874277114868164,0.3726299107074737,0.3139227628707886,0.3137036561965942,0.3438225090503692,0.3741849660873413,0.3204924166202545
min_10_case_0_patient_4,1.0404187440872192,0.7970129251480103,0.9618350267410278,0.72613924741745,0.3276099562644958,0.7231218814849854,0.3336234986782074
min_10_case_0_patient_6,0.4034096300601959,0.2883825302124023,0.3171715438365936,0.3043282628059387,0.3159869909286499,0.3338437676429748,0.2620041966438293
min_10_case_0_patient_7,0.7968156933784485,0.573407769203186,0.5070955157279968,0.5099141001701355,0.5670157074928284,0.6548939347267151,0.5864925384521484
min_10_case_0_patient_8,0.4894289970397949,0.4771168231964111,0.4639651775360107,0.4361924827098846,0.5858854651451111,0.5835458040237427,0.626743733882904
min_min_case_0_relevant_patients,0.3039865791797638,0.2506745159626007,0.2669695317745209,0.2184436023235321,0.2198480367660522,0.2165284901857376,0.2352014780044555
