GLOBAL_MEAN,score_exp_1,score_exp_2,score_exp_3,score_exp_4,score_exp_5,score_exp_6,score_exp_7
mean_10_case_0_patient_1,0.4526645630598068,0.3402891725301742,0.3026898741722107,0.3073710232973098,0.2701455637812614,0.2622117653489113,0.2866589218378067
mean_10_case_0_patient_2,0.8176101863384246,0.4544601291418075,0.3915754199028015,0.4066514879465103,0.3902571827173233,0.4246909350156784,0.3913329988718033
mean_10_case_0_patient_4,1.1521970272064208,0.9098076462745668,0.9926536500453949,0.8676832556724549,0.5826557725667953,0.7745147943496704,0.5429545134305954
mean_10_case_0_patient_6,0.7445849925279617,0.3870448261499405,0.5224407762289047,0.3954156398773193,0.4183683186769485,0.4329824239015579,0.4123208224773407
mean_10_case_0_patient_7,1.3480657279491424,0.7852202951908112,0.7041469752788544,0.897990471124649,0.673187392950058,0.8170863926410675,0.7115155756473541
mean_10_case_0_patient_8,0.6620786309242248,0.5985677063465118,0.5683532059192657,0.6528915673494339,0.7241982698440552,0.6764739453792572,0.742967838048935
mean_mean_case_0_relevant_patients,0.8628668546676637,0.579231629272302,0.5803099835912386,0.5880005742112796,0.5098020834227402,0.5646600427726904,0.5146251117189725
