,score_exp_1,score_exp_2,score_exp_3,score_exp_4,score_exp_5,score_exp_6,score_exp_7
execution_1_case_0_patient_8,0.7662490606307983,0.5132066011428833,0.5580753087997437,0.5321452617645264,0.69416743516922,0.5363557934761047,0.8519701361656189
mean_1_case_0_patient_8,0.7662490606307983,0.5132066011428833,0.5580753087997437,0.5321452617645264,0.69416743516922,0.5363557934761047,0.8519701361656189
min_1_case_0_patient_8,0.7662490606307983,0.5132066011428833,0.5580753087997437,0.5321452617645264,0.69416743516922,0.5363557934761047,0.8519701361656189
max_1_case_0_patient_8,0.7662490606307983,0.5132066011428833,0.5580753087997437,0.5321452617645264,0.69416743516922,0.5363557934761047,0.8519701361656189
