,score_exp_1,score_exp_2,score_exp_3,score_exp_4,score_exp_5,score_exp_6,score_exp_7
execution_1_case_0_patient_6,0.776907742023468,0.35416078567504883,0.43424785137176514,0.30638387799263,0.39678481221199036,0.3046422004699707,0.4797336161136627
mean_1_case_0_patient_6,0.776907742023468,0.35416078567504883,0.43424785137176514,0.30638387799263,0.39678481221199036,0.3046422004699707,0.4797336161136627
min_1_case_0_patient_6,0.776907742023468,0.35416078567504883,0.43424785137176514,0.30638387799263,0.39678481221199036,0.3046422004699707,0.4797336161136627
max_1_case_0_patient_6,0.776907742023468,0.35416078567504883,0.43424785137176514,0.30638387799263,0.39678481221199036,0.3046422004699707,0.4797336161136627
